match_id,radiant_win,radiant_team,dire_team,patch_version
8990057699,True,"22,36,84,25,14","71,56,59,33,85",7.35d
8990057736,True,"7,55,11,9,27","26,35,98,93,105",7.35d
8990057834,True,"18,73,71,138,88","29,75,14,11,15",7.35d
8990057911,True,"8,108,79,75,105","41,121,83,11,42",7.35d
8990057943,False,"97,26,12,84,47","8,14,1,101,138",7.35d
8990057946,False,"11,67,9,121,42","112,35,86,94,71",7.35d
8990057955,False,"93,84,131,92,80","20,68,8,88,76",7.35d
8990057969,True,"67,105,84,14,110","42,4,31,26,93",7.35d
8990057995,False,"8,9,88,73,31","108,35,54,86,74",7.35d
8990057997,True,"99,138,71,48,22","7,25,18,5,62",7.35d
8990058069,True,"87,21,8,74,2","1,26,64,53,108",7.35d
8990058078,True,"25,26,85,12,75","11,100,22,27,74",7.35d
8990058091,False,"120,26,39,114,82","14,93,91,25,9",7.35d
8990058114,True,"88,35,25,9,97","43,73,2,12,59",7.35d
8990058136,False,"7,61,40,26,1","17,16,84,20,23",7.35d
8990058153,False,"20,2,15,5,44","101,90,138,29,53",7.35d
8990058258,True,"93,26,36,76,25","101,46,2,112,110",7.35d
8990058291,True,"128,35,36,64,101","23,14,41,108,97",7.35d
8990058300,False,"54,129,84,88,126","93,9,47,8,108",7.35d
8990058328,True,"27,8,14,40,119","4,105,36,63,44",7.35d
8990058340,False,"42,113,96,68,39","108,70,7,120,66",7.35d
8990058440,False,"55,74,121,62,93","110,123,1,25,71",7.35d
8990058449,False,"25,69,88,8,7","2,30,20,13,114",7.35d
8990058490,True,"9,55,41,47,99","20,119,96,15,88",7.35d
8990058530,True,"135,9,75,37,20","71,21,8,84,86",7.35d
8990058558,True,"14,75,8,18,25","121,65,81,74,84",7.35d
8990058598,False,"53,80,121,35,53","47,37,26,8,49",7.35d
8990058898,False,"12,58,14,26,87","105,63,74,97,36",7.35d
8990058925,True,"49,35,90,44,14","25,54,112,19,53",7.35d
8990058953,True,"41,40,7,39,99","84,88,36,104,21",7.35d
8990058959,True,"14,74,35,121,48","84,25,97,17,20",7.35d
8990059002,True,"52,97,114,27,79","30,86,29,36,11",7.35d
8990059254,False,"44,21,14,26,98","55,93,121,97,112",7.35d
8990059336,True,"81,128,39,27,14","40,21,11,69,36",7.35d
8990059337,False,"94,8,33,88,80","14,36,35,71,41",7.35d
8990059439,True,"22,21,136,35,71","7,126,123,100,113",7.35d
8990059473,True,"15,91,22,112,70","128,9,42,108,8",7.35d
8990059489,False,"84,89,88,131,62","8,109,71,36,29",7.35d
8990059497,True,"81,9,36,70,27","86,18,75,69,11",7.35d
8990059545,True,"44,49,131,145,121","71,74,102,26,12",7.35d
8990059585,False,"85,84,20,14,2","33,35,54,9,22",7.35d
8990059586,False,"63,1,26,129,109","137,12,99,14,56",7.35d
8990059620,True,"54,27,90,64,36","47,39,105,2,101",7.35d
8990059681,False,"25,47,26,9,28","11,74,86,14,31",7.35d
8990059789,True,"44,68,98,35,22","86,6,97,2,80",7.35d
8990059801,True,"128,8,22,35,99","47,40,107,84,29",7.35d
8990059938,True,"42,5,93,15,62","85,6,84,129,65",7.35d
8990060072,False,"75,55,14,25,93","74,21,109,114,64",7.35d
8990060145,True,"14,114,12,34,69","113,99,71,44,74",7.35d
8990060222,True,"54,22,85,101,93","112,42,113,74,20",7.35d
8990060245,False,"13,15,72,107,68","1,14,110,36,2",7.35d
8990060291,False,"44,17,93,2,105","6,14,39,9,107",7.35d
8990060378,True,"108,86,32,103,84","18,3,23,74,14",7.35d
8990060443,True,"74,64,102,18,7","4,11,15,31,101",7.35d
8990060471,False,"62,30,44,29,15","4,93,57,155,55",7.35d
8990060494,True,"107,22,33,11,14","25,42,44,50,145",7.35d
8990060678,False,"11,74,60,14,49","15,103,61,30,44",7.35d
8990060743,False,"67,73,107,81,98","85,84,1,14,97",7.35d
8990060818,False,"53,18,98,48,108","22,2,44,126,55",7.35d
8990060836,True,"21,64,25,120,45","75,6,84,30,16",7.35d
8990061162,False,"9,107,23,75,14","10,47,84,103,86",7.35d
8990061261,True,"68,25,22,42,81","7,106,21,8,86",7.35d
8990061289,True,"100,110,111,48,56","106,31,80,128,14",7.35d
8990061376,False,"101,49,11,20,44","42,35,64,85,86",7.35d
8990061522,False,"29,20,64,128,91","50,8,105,97,75",7.35d
8990061530,False,"11,99,6,14,101","111,105,91,68,80",7.35d
8990061743,True,"83,53,14,64,85","60,74,26,75,54",7.35d
8990061931,True,"47,14,112,12,35","53,97,41,40,101",7.35d
8990061948,False,"42,105,90,39,91","123,112,96,6,155",7.35d
8990061958,True,"120,62,67,9,14","56,93,76,36,86",7.35d
8990061991,True,"67,19,35,5,28","40,21,14,53,8",7.35d
8990062161,True,"12,98,30,48,25","39,6,119,85,121",7.35d
8990062164,True,"101,84,71,11,8","35,14,98,96,74",7.35d
8990062286,True,"63,5,62,61,74","137,21,71,22,4",7.35d
8990062289,True,"5,84,12,64,71","9,21,25,8,60",7.35d
8990062355,False,"74,86,6,71,60","44,13,54,105,64",7.35d
8990062423,True,"42,26,67,14,30","29,62,97,12,22",7.35d
8990062460,False,"6,42,37,43,30","107,18,59,70,107",7.35d
8990062538,True,"108,51,50,44,20","67,119,35,26,11",7.35d
8990062655,False,"20,86,30,8,13","35,100,106,28,91",7.35d
8990062733,False,"31,98,50,106,35","36,42,14,91,4",7.35d
8990062988,False,"86,52,93,42,46","74,56,41,34,84",7.35d
8990063050,False,"74,85,17,41,64","42,44,101,131,11",7.35d
8990063136,False,"2,64,26,15,8","90,81,35,6,25",7.35d
8990063268,False,"55,22,9,67,107","13,82,97,35,121",7.35d
8990063380,True,"8,71,14,79,22","110,35,54,97,7",7.35d
8990063446,False,"2,1,39,47,55","104,90,86,25,56",7.35d
8990063533,True,"49,86,36,90,56","81,22,30,18,111",7.35d
8990064019,False,"26,76,46,6,85","54,34,119,40,60",7.35d
8990064723,False,"0,0,0,0,0","0,0,0,0,0",7.35d
8990066045,False,"20,6,7,26,36","119,35,11,68,75",7.35d
8990066144,False,"7,21,35,6,50","33,5,18,101,40",7.35d
8990066546,True,"108,44,27,131,35","5,80,19,11,74",7.35d
8990066847,False,"104,91,26,35,32","80,21,37,14,114",7.35d
8990067499,False,"120,28,123,46,62","26,63,15,44,34",7.35d
8990067605,True,"56,84,26,88,8","85,14,48,91,15",7.35d
8990072386,True,"16,39,104,53,138","90,81,19,78,128",7.35d
8990073087,False,"0,0,0,0,0","0,0,0,0,0",7.35d
8990078992,False,"0,0,0,0,0","0,0,0,0,0",7.35d
8990080883,False,"0,0,0,0,0","0,0,0,0,0",7.35d
